date,open,high,low,close,volume,roe,pe,debt_ratio
2023-01-02,99.45445338223793,101.8807909066457,95.84075333739047,100.64799824191071,7063389,0.21459172413316013,10.207469415925075,0.2629836889177792
2023-01-03,100.67743671820527,103.57977785338471,95.1916482336018,99.60543863073103,8732605,0.20707783046689118,16.267109585095522,0.21932896685755046
2023-01-04,100.85146849210095,105.60705830627205,96.30897677574401,101.15288117995111,9061792,0.1856096725897846,17.216698991392736,0.2353793901647968
2023-01-05,105.65243591957609,107.6365490080754,102.74583138890709,105.3767032766614,8876375,0.24865152487929798,14.936574152345386,0.3974672317159092
2023-01-06,102.97433518527406,108.72519881300452,99.96544194246474,104.98582514082145,2093060,0.2105774819356887,12.255954427695071,0.28882071138132376
2023-01-09,102.99516571829471,107.31795960944737,102.99516571829471,104.94961593251203,4235863,0.17372267917359946,9.57520283507722,0.3063743533010033
2023-01-10,108.17154431324556,113.64453334750122,105.20603395032775,108.40645872511088,5383030,0.16017824726204036,9.508666780330305,0.37472370574744307
2023-01-11,111.53106759109549,111.53106759109549,106.95095984347445,110.13606114204734,9602831,0.1652859139184332,13.567542315797272,0.3991137800981376
2023-01-12,111.30196677441252,113.25112041020208,106.59455666576493,109.61288103907653,5169495,0.17459577283845082,13.255194662666051,0.3165428898689363
2023-01-13,108.95238223283759,112.62950578057895,106.00157573299744,110.78383143071382,3612761,0.16606813732595557,16.204795778839287,0.36249476420883436
2023-01-16,110.1535721454646,114.2179816134804,105.3552750539036,109.98479782432479,2995457,0.16865670240513056,13.951350277608418,0.26538820486733505
2023-01-17,111.01526844181721,111.07057505209124,105.14233134320729,109.21011399601338,2013071,0.1785095168693847,7.490759094720546,0.26114879148945824
2023-01-18,109.06377854864624,111.6817437777006,106.6777808058232,109.55470301350064,4275072,0.16733735952947548,15.155842853168757,0.28054074419891206
2023-01-19,107.28421271895836,109.04113291120808,101.48387024683197,105.88832575432704,5817842,0.23967654246264253,9.005818118056762,0.33450145253472985
2023-01-20,100.76940910122494,107.03286239031615,97.63034257214741,102.26785549657072,9676514,0.15802337456616422,10.848086184142945,0.33643833785101973
2023-01-23,102.67115354539246,102.77739497587295,99.78390221297738,100.91366342587969,4327786,0.20245113895702546,12.750600618755083,0.2630478869298902
2023-01-24,100.17916001078811,100.74575212802938,94.30981929426467,99.18169636524681,6932572,0.19103968269896615,17.987002469351893,0.22664198482732575
2023-01-25,101.30301908751812,103.56327367762351,97.76461939857987,99.54570141989038,3145977,0.24823786169086065,21.329755668016084,0.32647925129310174
2023-01-26,98.5388561679781,100.78544590777574,96.03950736584254,97.84759331831206,7714662,0.16120389021680523,13.820169177408548,0.22566517243775291
2023-01-27,94.65677196237667,99.59980275767012,91.54947845959056,95.1768030448081,3226217,0.18978555990457416,11.450410143838836,0.31569850164586605
2023-01-30,100.21528893357144,100.21528893357144,94.09890418061693,98.48904708821321,1632731,0.2469470433275369,13.603516945441651,0.3386844256112618
2023-01-31,97.44613730833808,101.85269091818796,93.98520450408022,98.32886790052947,9750364,0.23655071258939803,14.662966277621507,0.34012229927889037
2023-02-01,97.88864805092165,100.4537394320067,96.37199593400749,98.55022548264162,3214826,0.23170720709492798,11.037997123328426,0.35069442213191937
2023-02-02,96.92488045570538,97.71699290228841,93.81722298762828,96.1525507912564,4260802,0.17579028270449398,17.385634067736966,0.37457188431313293
2023-02-03,96.74641612215706,99.30476721245421,93.94124314464881,95.730462044497,9905865,0.16708875873900658,12.690212277574206,0.2999917983929577
2023-02-06,97.90612723455297,99.50115724159524,95.04964103073317,96.25287444978368,5590778,0.2168643219924431,13.493229267274183,0.34604983790591426
2023-02-07,93.02465952692295,97.91983681212324,92.03481709759271,94.13621083326521,6149387,0.24293759891275857,13.997772756163384,0.3238345470731674
2023-02-08,95.5658552189952,96.55356509457548,90.30687502024195,94.44013621744975,6396910,0.20567628930139298,13.264759831843367,0.23732798795953652
2023-02-09,93.88922773967374,95.59832441175843,89.25735235849994,93.00181906381725,8827881,0.20716126894699,14.516821501408836,0.20513792897388164
2023-02-10,90.82617464276849,94.86271942556017,90.82617464276849,92.43907169428493,4561497,0.1779979093660284,10.148240440359231,0.2569082771353868
2023-02-13,90.78439118655818,95.69753229624824,87.39950628502467,91.19578214034483,8318898,0.2269492933191937,10.325094738161908,0.2886067412675239
2023-02-14,93.77434077165573,96.64811467040705,90.14092191047465,94.59632434295317,1262199,0.16870437485575232,8.699537301084916,0.3234211888857313
2023-02-15,93.9463488947933,96.7503170462714,92.61614894227243,94.68683622155069,3870524,0.18236792364042437,13.318503691860679,0.3699918661006411
2023-02-16,94.77005530291137,95.22228575940703,89.8222748426034,92.9739952671512,2137273,0.1925436438616417,14.336809510536343,0.23924914334123315
2023-02-17,95.11070218802833,97.65206641228505,93.32241994659049,94.5706003596048,8441537,0.2007610378684455,13.373318598455658,0.22510995797969544
2023-02-20,93.34025783048033,94.39384364090353,90.31466996460337,92.53455517315143,4867293,0.17424097324150803,17.02347730004261,0.3926959894948655
2023-02-21,94.81156291371573,97.37446582015481,88.72242838435345,93.03782419575141,7107511,0.16148368247392034,11.98321194351286,0.22160891187528142
2023-02-22,88.33980630517253,90.60708436000365,87.70294522604381,88.77586703447699,1033734,0.21106200424416327,14.006224966777538,0.29569821402143787
2023-02-23,87.22090948955804,90.13027559538662,82.76268390461844,86.18040121673447,1213299,0.17886305532402558,8.724897371582056,0.3171127457586604
2023-02-24,86.32952390838766,87.78001218025396,83.39589742583078,86.55619393386283,3771034,0.20812382214226122,10.838700892576798,0.3082748841814877
2023-02-27,88.78988369810905,90.66941155167365,84.52959447023154,87.49656659707618,9531336,0.16543627152742021,14.086613272697333,0.21720643140658866
2023-02-28,86.96961134123515,92.17189050126196,83.87066766916722,88.09490913649944,1671253,0.19811401018548175,14.547306332229432,0.21140538280072388
2023-03-01,90.10271526907516,90.10271526907516,85.84972559609405,88.5175911889818,7688304,0.2032589432551586,11.118099157007453,0.22109668549220715
2023-03-02,87.50637934846434,92.8149218705661,84.51340903301883,88.50194943008552,7911616,0.15518235368224267,11.785202244425799,0.31711753677452253
2023-03-03,85.30166183490385,88.31383190105915,82.98153571997311,85.89875955032878,2006152,0.18366042781939207,7.446378759957572,0.30886897752686426
2023-03-06,86.12611587219614,89.32998188610051,82.18580633860098,85.25247499095356,7615379,0.16344146769389742,10.928912397580172,0.24674815840734887
2023-03-07,84.24265758107902,87.73864009993775,82.98744839079143,84.60219952956999,6626211,0.15633749704727676,14.671149490559358,0.3275548283691183
2023-03-08,86.73367769424407,88.26527174288515,84.81634735233891,86.35987286464173,4262331,0.24899602323899453,13.7256150483197,0.3640135004111299
2023-03-09,86.63409229078127,88.34884463228045,83.01807515886227,86.8265920512402,4993767,0.18223538449747229,13.50199716414363,0.20831579196931876
2023-03-10,84.56086513280954,85.60392499867291,80.78942022904158,83.74893615729832,4825091,0.2309874445854635,12.14932106154288,0.2996259887096085
2023-03-13,83.32939785095795,85.40076396129326,81.2907459278005,84.24486573773171,7914152,0.17546406547637639,12.02118947588453,0.33786208242053806
2023-03-14,82.25806027578706,85.0562491707106,80.05729276632114,83.73699635227187,6015551,0.21815027222239292,10.019036581579659,0.25046238541393745
2023-03-15,82.07745134065247,83.91338036483879,81.24517073239772,82.73960182021281,9026261,0.22602278598896866,14.096485260607604,0.2615541810586298
2023-03-16,83.7499317603453,86.09276431744144,82.01593209371293,83.83608619981244,7636393,0.20956387406078442,13.26291883316817,0.32272758059787676
2023-03-17,84.65978265892956,89.3875146807368,82.16255356171345,85.79912623693157,7701354,0.19715761885501584,13.476056543978398,0.3795870586887474
2023-03-20,87.38971294006728,89.27635554998275,84.79463260497106,87.90024710484717,4689638,0.19118409141472686,10.421895471997258,0.3619848840605799
2023-03-21,86.493089480757,88.16159933377747,82.86601148018825,86.84051051080246,5486856,0.18488682665429954,5.539971240386267,0.3166260438199167
2023-03-22,84.3567978358923,88.94620263730812,83.74128077616459,85.87719572668466,7955653,0.2429529144247826,15.291458135261088,0.34604434355144986
2023-03-23,85.9341996740543,87.18082037100362,81.78216776443124,85.6487930636371,2208957,0.2330619407787729,10.563487631974787,0.27296449404155976
2023-03-24,89.08166519508892,89.08166519508892,86.80619264980177,87.7328829164524,7232302,0.24650269106665126,9.411672707870638,0.32819310561975157
2023-03-27,85.29908019952461,87.94647149075838,84.88018981158461,86.50410693142607,2141766,0.16242972234855446,14.08043673574198,0.29323631822551144
2023-03-28,86.52895388868544,90.23838240532118,83.2275705991314,86.19174415797731,7259471,0.22308674752036442,10.82396208024261,0.2379872272915122
2023-03-29,84.52853342466338,87.57425265867167,81.71981488774665,83.97517329343891,1524658,0.2438340456821038,15.179809152139866,0.3403476547754515
2023-03-30,81.19519010522245,83.42625982066674,80.35456655233106,81.45802360548443,6619236,0.16812330661656602,13.851017848730093,0.31129292746976445
2023-03-31,83.71127210377165,86.05217307727953,80.73168484210781,83.04327997378986,9108196,0.15664962673667773,14.050707969601433,0.2717243163907183
2023-04-03,85.33334484576577,88.3360042579287,81.95493881974097,85.63913979882972,1003196,0.2241120649290059,7.902132866398397,0.38226783801572617
2023-04-04,85.41994097722969,88.57130774541709,82.4276070375881,85.40409924112431,4657919,0.20744731131799118,15.635831956159201,0.20418682356534668
2023-04-05,84.60050781021555,89.52077135319881,84.60050781021555,86.30114771718883,7129877,0.2341828776758272,12.783751593701568,0.2631546302498992
2023-04-06,87.48777096600588,89.87368643911766,84.7181260973678,86.82195039642988,7105661,0.16397723766262895,10.892168582261391,0.21137627955552932
2023-04-07,86.4769220471449,87.69619082532171,83.86275595076471,85.9224040133495,8142727,0.229526731185989,12.430165402026754,0.35330546324432544
2023-04-10,84.52741326676494,87.11302368561682,84.52741326676494,86.1174834592307,3603680,0.17016273200477444,6.67129430130504,0.3404214908227585
2023-04-11,88.45051684935889,91.42865533174806,87.65281613063839,88.91912023099702,7209774,0.16636559428657044,13.225958434442013,0.26627044374726344
2023-04-12,90.64305523796017,92.99795041703871,87.76414209007649,88.93887315298376,1858811,0.1664265797930993,8.911885475453786,0.3351325804414146
2023-04-13,91.73324814624208,95.04158687606528,87.77290601193037,92.02501691305046,5064337,0.2314574720231382,7.941989142469397,0.27918744523919
2023-04-14,87.34154167928715,91.1159594723649,84.86885257843896,87.3347456207944,4636119,0.21651972206962,7.432922441346326,0.3512507582844869
2023-04-17,89.96410597888558,92.90872736579162,86.7088882310946,88.51274424892114,4556995,0.20230654247691193,15.338065124969775,0.2908367325473412
2023-04-18,89.95506532859363,90.65550086811632,87.42115683330034,89.18004834486547,2667108,0.18588304841235026,10.112209818921635,0.28245594556633313
2023-04-19,88.97055074934319,92.02008573875266,86.39759173010458,88.67943344012507,3853507,0.23772005408131083,16.601183129749497,0.3869459830976602
2023-04-20,89.98050089965011,92.20882802339077,85.06842911620393,88.92125426798113,8593548,0.18924451074226353,10.392595610843106,0.2501758199781401
2023-04-21,86.39586900303235,89.3442308386118,83.61319609807919,85.15476800744052,8793404,0.23165994394715772,6.87792612722116,0.2240894679993131
2023-04-24,84.56914283202669,88.90220044166074,82.9196466535087,84.71523231275582,3154327,0.19391349085702184,8.650426680154023,0.3169086226518917
2023-04-25,85.01847800914044,88.2917866845872,81.14126895088083,85.10321233332162,5070081,0.18769444294249077,15.707434860020816,0.3938643624568358
2023-04-26,87.24494251256979,89.3749258456152,84.88821515420082,87.64442251018463,4917000,0.19626797856696065,11.532305466189998,0.27556784274543733
2023-04-27,89.04925964816289,91.08380956437577,83.65481046326053,87.41733143516997,9173542,0.1801377874164142,10.355138110528197,0.2124073527257563
2023-04-28,86.29358397868968,86.84107176816134,82.49319396878876,85.61834206653732,3350716,0.2247609380176251,12.480054677558362,0.2678610534619135
2023-05-01,82.89170515785077,87.77242292285365,80.14314334442145,84.29702742252819,2264008,0.20027203900924792,13.505348208502635,0.3011863308639117
2023-05-02,87.68565775115019,90.44188998890509,83.49331430044799,86.43082181007738,7456942,0.17322126951468172,15.352196447707382,0.23238460132644276
2023-05-03,86.9453013921397,89.21555122547173,84.57617153921564,87.0129628779941,3768654,0.23995745732745685,16.34549768967878,0.3316204436112984
2023-05-04,84.46452145393289,88.97461724923187,83.77979361815164,85.94709542010303,8061944,0.18838912213732115,10.920694062632743,0.39954987780204015
2023-05-05,87.45070506979727,89.65157432074402,85.22958251978382,87.27713788044025,4876345,0.20435528611139886,8.021856941753885,0.2903478951962888
2023-05-08,87.03269746519642,89.72431451496338,85.87699746595712,87.32203280715194,7057174,0.2406472110964547,10.759604516630173,0.27094571134604256
2023-05-09,91.10853838557958,91.76416691441295,86.03829529490673,89.75238202971053,3233414,0.2124237995913992,12.780841519748659,0.2801408333668933
2023-05-10,87.76972970944301,92.41734474878616,84.8083790175169,88.82139418924115,7134678,0.1616898040708364,9.108723221368168,0.22302923567904023
2023-05-11,89.30676709195646,92.33830333225328,86.75051114285195,88.15558001183167,9392939,0.2439832123613475,9.12854725531487,0.37665472028524477
2023-05-12,88.51098436323804,92.513286773278,84.4450523396156,88.30721126563198,2565976,0.21277080530714176,13.031363644649657,0.2829651311042704
2023-05-15,84.0766252239665,87.05614876771207,84.0766252239665,85.60166928505822,4976808,0.1834905614657086,11.854042945288647,0.2774548822849683
2023-05-16,88.08188962934648,90.33961848944946,85.04123719354772,86.45024397266866,8630725,0.16392720726633872,12.09839098623476,0.3319380545860949
2023-05-17,87.13634280049243,90.53230589785447,84.48267710196421,87.09239512752978,9601462,0.2294025189270296,9.724513995899791,0.2884066841862247
2023-05-18,86.90906045905332,89.40497145649265,86.70062831964711,87.64218080109852,5744353,0.21200727559285135,11.308797857382698,0.3296466937615692
2023-05-19,87.7560461317378,88.97867740637425,83.81262340766953,87.86356709139439,2553416,0.20334610919763216,9.227300567195087,0.2122892580261575
2023-05-22,86.69745458948631,87.24496478162126,82.23642526786584,85.47395380322635,8260219,0.23938925830509578,14.67059523337436,0.3627446687444455
2023-05-23,83.9243665766719,88.51664300032657,82.51458494711412,84.58445307751273,3956156,0.22885972112245306,15.105748004171257,0.38810079057588054
2023-05-24,83.20803711643195,87.2197269056827,81.21089159470374,84.24363947063964,3281696,0.1651674879732751,6.4614364132857185,0.3297530772318772
2023-05-25,81.52288638512545,85.96488747768338,81.52288638512545,82.75067050618516,2133243,0.1811722067795548,9.211467419422771,0.39091318577176215
2023-05-26,82.55802388295402,84.91943030879972,79.28793351828278,83.2309984468996,1004677,0.17484891398144659,7.510412234729763,0.23028646287399268
2023-05-29,84.97435511935304,87.29144832977705,81.67812193630685,84.03302361884708,9593188,0.2243946292572677,10.049928196779305,0.2954832378960708
2023-05-30,87.06228751371496,88.13086701687807,84.8631749615828,87.1612107282086,1130334,0.15335324347357793,11.749686090628918,0.32036134678908945
2023-05-31,86.66242357719122,89.80908320390004,85.5242598092129,87.61751900792686,5557885,0.20698896848713166,7.6510643409044095,0.3163473294842374
2023-06-01,86.51112573162551,90.75692339522408,84.19450389068886,87.68190716662734,6162425,0.22624586857406906,9.234420560624061,0.28029235581780865
2023-06-02,86.71446059826285,88.68170601485474,84.20667660803642,87.29855962902431,3508963,0.23767656367617496,8.988127883755505,0.2676168818732523
2023-06-05,85.92322935388466,88.0614514899888,83.06504460598245,84.43738677684814,8820707,0.18420817487159075,12.621801988196832,0.22536480451008378
2023-06-06,83.72615605304324,85.88984475308166,80.69942677073149,84.25518861054503,6827316,0.23212573046720128,12.208033011108752,0.27834849011245566
2023-06-07,85.72938444261496,87.1224029216174,82.66437128864115,84.08757759804261,1558745,0.16106317369552073,9.83478733998824,0.23253216302109703
2023-06-08,88.45351714687159,90.8253547780872,86.07244536499643,88.50580476281027,9955427,0.23464522917345182,12.530462616418195,0.34687313529844366
2023-06-09,87.53405557761442,91.67283883840472,86.94181014550458,88.67202295368426,9582851,0.16274886623319823,10.359959746238204,0.241766187098918
2023-06-12,90.95353222025753,90.95353222025753,87.6310198268851,89.55243038658786,3870741,0.18972872905603672,11.18503466902184,0.2117130610569068
2023-06-13,89.7939083109451,90.89673673872298,86.1862164386654,89.93652831520932,8910091,0.22972953657795536,17.02035627089561,0.31047322756344686
2023-06-14,88.39244140485255,91.72304288764411,85.26883197129321,87.65727267962536,1617423,0.16499174273487738,16.021383155371044,0.31904594654388035
2023-06-15,90.96595985991442,91.09417328937798,87.87475124447907,89.23931622253426,9979250,0.17292513952326416,8.101256289217208,0.37438261225610114
2023-06-16,89.57428825362607,95.1183740728576,88.23137999907424,91.21552797020918,3865893,0.2222252568393066,14.489197253637524,0.3153963224835364
2023-06-19,91.13657847492726,97.26005938561778,91.13657847492726,92.63092064403224,2250844,0.22200365365460745,14.434189663474776,0.26909617074468917
2023-06-20,91.74868114983646,92.62531452367081,88.04445292572454,90.94668872411859,1916094,0.21411476328852974,8.555210133742145,0.36060237630526415
2023-06-21,93.2663993406782,96.02634605305877,89.92049965062527,94.08750094905812,5289361,0.21939484444670998,14.456332931264582,0.30805577863748423
2023-06-22,90.58736987780479,95.09597927953469,88.58779767919576,91.7459323853879,1246889,0.2042724443347596,16.61379575523766,0.21585605692623835
2023-06-23,91.3692960174518,97.60999891749114,91.3692960174518,93.08442540695258,7719142,0.17517990589069526,8.632365581266757,0.31317011206264933
2023-06-26,96.22308721030647,102.67397335633682,94.44895711225846,98.09934824695823,2465088,0.18456959935039194,9.24749153695721,0.3816037090843325
2023-06-27,97.05952689256237,98.89664831762512,94.53885621697545,96.00544242192382,7147878,0.16815977168014257,15.052984400530507,0.2792625250996441
2023-06-28,93.97152302634944,99.35274898261028,93.9593819937352,95.36602831094994,7615316,0.24084505613336282,12.814485932476945,0.25926516037996006
2023-06-29,95.5498518782011,97.1496074227041,92.22985502184447,95.67338299303995,6269262,0.20833917947661204,13.65442882571857,0.22869389140360402
2023-06-30,95.3090331546923,99.56671908049793,90.4777376023495,94.90701911220586,5184251,0.19008514167636398,13.02176764920149,0.23028910438707148
2023-07-03,92.35420427744344,97.11856415320543,90.67299510314972,92.61964551075533,7838163,0.19620058036441326,13.172087762784432,0.2865542968683638
2023-07-04,91.26816162734389,94.56738436208066,89.53563192891139,93.02785171630761,5275542,0.24472833396118154,8.020583615066752,0.31913596483230594
2023-07-05,92.37538490857618,93.3469517702756,89.63308589072518,91.33958848532218,6236840,0.165335140311608,15.141953119864345,0.21612308103392036
2023-07-06,90.87742911207498,93.99056203602261,89.69890821397918,92.69229521995697,2743227,0.2086229832016797,15.50876997728332,0.38791371780503314
2023-07-07,91.89951678642174,92.84473666478452,88.16479337545654,90.94679492573886,8660064,0.2005888678884466,11.311827767795917,0.3510267234890392
2023-07-10,95.01513841615733,97.53202454948628,91.77705516473003,93.54349533299276,1586470,0.21114542354346477,11.869569150558412,0.31732478365673256
2023-07-11,91.53937866578617,94.0927746040374,88.60047840746402,91.78595273905808,8170364,0.15181101838208405,7.406677492332833,0.3656877341877982
2023-07-12,90.6973663914238,91.79453075443146,87.64551186981403,90.56860510300864,4974409,0.23721239089441515,13.542764268053505,0.21603735136242266
2023-07-13,92.8053978452395,95.09141413266892,89.64416037550691,92.89091919790202,1177216,0.24321182824836124,13.716172325142432,0.2953677755466249
2023-07-14,89.89578095226545,94.74349813297844,87.10791867003414,90.29594143563952,5649292,0.2065133183589209,11.813426949002068,0.3260186253723327
2023-07-17,92.12276126884217,93.90901035422633,88.08956686265279,90.71692280216782,3176512,0.21966508238768923,15.373060079611509,0.36573058122365787
2023-07-18,94.54397587582693,95.55750393386347,91.43469408725439,93.07732478320222,4683460,0.24224993811772957,10.997768307060179,0.35669391200985356
2023-07-19,89.69440421901584,91.7916788321652,87.0795089499791,90.28735244909518,9512270,0.22072386343133987,13.6938177776808,0.25541384994267996
2023-07-20,91.42595575092949,95.50710240645817,88.36515126986319,91.00706930777572,2818352,0.16525390429142614,8.941006983923653,0.38817603391184086
2023-07-21,93.45546009349093,95.82223804580491,89.75728969159464,91.88638046631958,4244571,0.2076288360166813,11.929343547377286,0.2248691682861741
2023-07-24,94.92053750823459,95.17932530980141,89.54256793434158,93.19802001886566,3894558,0.2106715046382856,11.476937226291492,0.37502672372423046
2023-07-25,90.9562534151712,92.08774267874102,87.38682204441827,90.92366986182668,2480175,0.1924130671302386,12.675923766122825,0.3941880499209237
2023-07-26,88.54490968083974,89.80036896785698,87.5889043826532,88.71231050170354,2829484,0.22364442356247227,10.891419213499924,0.23543070464452512
2023-07-27,88.84484864125913,90.96635108878063,87.75068803712081,89.63834767531199,2667690,0.2434367014769015,11.605582212984997,0.3444132128407571
2023-07-28,92.50809970583644,93.85943444445093,88.39597535256155,90.84072947793551,5419425,0.24255685129067764,14.47814151432452,0.20805710375559971
2023-07-31,90.25805762555721,95.88370501205779,89.36036263538337,91.56630459327717,8217037,0.19508393714041322,10.689707288285348,0.281084565027831
2023-08-01,92.859403672459,95.32868770032543,88.04412164523943,92.56383041887132,6017226,0.16132380458407553,7.180268697783962,0.3032566598395348
2023-08-02,90.84201820691199,95.64535542154995,89.32283519532649,91.63909406649574,3746153,0.24848411989623345,17.24875171261626,0.31612904518192686
2023-08-03,91.7705406955189,95.16625448137279,89.84654350233785,92.5889967227486,9360927,0.2338898086445934,16.14436223607146,0.3871874496497119
2023-08-04,92.93742781959662,96.86918399915686,90.66401646987077,93.29205484995539,2104188,0.1624662681203267,8.123211914683143,0.33445013745883895
2023-08-07,93.40164314545734,95.17115620991234,88.31240782199035,91.5745731381908,8292496,0.24208418826173722,14.069123415735582,0.2962555902438474
2023-08-08,93.54162422915414,96.85205142109328,90.78549521551584,95.23697066028755,6125614,0.23698963620621283,10.49107568834597,0.3619350072531779
2023-08-09,96.28615458364007,98.3312955914994,91.9276758357097,95.9846023760338,4783112,0.20188380571260722,12.79046164599318,0.3901065641908818
2023-08-10,92.03155475374646,96.91616688969872,92.03155475374646,93.5943095804808,3306569,0.20912754357449292,12.882672387040481,0.20441322973645817
2023-08-11,93.82529286522515,96.36049271436298,91.93839447553881,95.14004907275786,1211463,0.18990027038701301,11.296776599051034,0.39650425445120774
2023-08-14,93.61508976239449,96.1374759946038,90.90163178374503,93.84195102071384,8185300,0.15547616388220312,9.648703003240811,0.21722642781273607
2023-08-15,95.46182551846135,98.41738275712953,90.85199220216161,95.4219004939616,1268602,0.1835197241645901,9.928376843051222,0.3628773558537523
2023-08-16,96.90613905690832,102.7279617879322,93.10475094442927,97.8502277681458,3394820,0.23028534485980115,9.251424253556273,0.2560669505102825
2023-08-17,96.28474309453529,99.80796582854447,94.92959722060331,96.9968664208986,6545501,0.15046320230046029,9.504533375308666,0.22643593155077435
2023-08-18,97.42238216828153,103.28306622446007,96.23814269397332,99.05896698037243,5736912,0.18334991716911442,11.798465129851934,0.287971127942767
2023-08-21,100.2210395504919,103.77215150073268,98.02085185212499,101.01615881315091,3507720,0.18981686935909434,9.852720032667744,0.3287913158895227
2023-08-22,104.9336617624352,107.32283126223979,98.86245210919832,103.0112313882288,4742849,0.20373956029379228,14.04615619713786,0.276190369004695
2023-08-23,108.16101638166607,109.86435378551566,104.1229162280312,106.27064280917331,9482084,0.24198556164127605,16.46173846600778,0.2109130816565398
2023-08-24,105.4726841120982,111.00102213354083,101.57974529831397,106.17394907264958,1114560,0.18463459943659613,10.259840275889871,0.3198922279317433
2023-08-25,105.1354517673328,107.61000781520826,100.39290488279448,104.83832345175587,6115011,0.18469532018962276,12.718213501606131,0.380480655222135
2023-08-28,105.30616702164971,107.14919531598493,100.33757957913,103.60866180742988,2349987,0.22375012481097484,13.499055330908801,0.27664307318945036
2023-08-29,100.27492053680746,105.8964070241143,98.35215758672956,102.29552800073768,1549656,0.19522179408898072,13.416006812757823,0.2432665555261654
2023-08-30,103.45330089640036,104.91125154016538,98.08572540716364,102.18343235269298,4580885,0.17246048229399819,12.227865803748262,0.2885154691865631
2023-08-31,104.31705560437489,104.31705560437489,100.00009456676241,102.47911500576139,8544022,0.19524395161326935,14.228047255079167,0.20967254220975617
2023-09-01,101.37804014954594,104.47913263574974,100.59330350868296,103.06280479218474,4403209,0.16408570203797998,13.446746858041971,0.36409751689605496
2023-09-04,103.099824094937,105.63002729992671,102.73640134067746,104.51517831344496,3995785,0.16763869865062234,8.287012733018106,0.3652681621900374
2023-09-05,106.32818348703037,109.0960929246621,100.92824932985059,104.40403260631912,4980125,0.19983677727394797,14.607468193167819,0.3176000926859257
2023-09-06,107.96001529007785,109.89578870088697,102.72337521692576,107.79814497621504,7901013,0.1918925449504548,14.661872511800226,0.2706205777876779
2023-09-07,105.95201853736043,110.04635702789224,103.83191356845428,108.05169359330677,2826629,0.24148459010681,9.710141687464255,0.35995667288915667
2023-09-08,113.11369335550283,118.7260736388616,112.987472096833,114.22103430686754,6718365,0.1862393899116633,12.113813506342806,0.31093740495767347
2023-09-11,114.9811125714562,117.83869893802502,112.19904679863551,115.21179573847839,9289985,0.20805883502780434,14.049986978433209,0.36518646171000324
2023-09-12,114.4286504686316,116.9864681355911,111.09851249477929,113.5524393716956,9480287,0.21322642879195303,11.372058541261914,0.32629175851660414
2023-09-13,112.80727338087156,113.6090778989893,106.20955597047703,111.76490745746331,2339083,0.15130944565883336,15.218934143298036,0.35688109464255946
2023-09-14,114.91330352786694,118.13291511778493,109.38198021025846,112.68033308412761,6404672,0.21635373720167106,19.09161748385808,0.319712598643552
2023-09-15,111.2751314700295,117.17420432006917,106.78604872520448,112.22902793161009,4703367,0.16780359668697514,9.642041902095052,0.28282821364313326
2023-09-18,114.12561856239932,119.02812506655954,110.84842211724181,113.951409183717,8975343,0.2461070317469455,7.856866190538676,0.3915891719852275
2023-09-19,114.93612338698267,117.79858585856472,113.2715261321421,114.78312414973952,6934385,0.1648662727753113,12.911455786814628,0.30822276497576895
2023-09-20,114.59388609055074,119.68602004957562,113.73243602691227,115.02802366371421,4890702,0.19146241237270237,14.16468751537843,0.3210179037081077
2023-09-21,111.64203989466553,114.92178562936351,109.92861705310463,113.13927118307583,3374151,0.15853496680786439,11.307400878465693,0.24409752788294986
2023-09-22,112.10810123317631,112.10810123317631,106.52303020319734,110.00715569384774,7720841,0.24968742518459475,16.359781989963103,0.3251301578854553
2023-09-25,110.28396100222871,110.28396100222871,107.42043268419934,108.74707261208752,8601709,0.20021950103312425,7.984182600830254,0.3143215298965888
2023-09-26,110.51838203316986,114.22439320339662,107.9775135000623,110.52575176520789,1177476,0.2095385017320044,14.078755869094834,0.236967679589405
2023-09-27,111.89088172237163,114.57479909633254,106.14842956158775,111.43069336093069,2199217,0.15670764773884274,10.18241753772332,0.21191741947062875
2023-09-28,107.41756624586674,111.93870157194088,105.19540764327263,108.60237008579163,3675877,0.22499604703991777,17.15813371862189,0.32087186394295425
2023-09-29,110.03291167545437,110.97172336851766,105.40404707042177,109.84052787841122,9306042,0.1709905593095586,17.977546059504355,0.35273845387006414
2023-10-02,111.48296837104905,113.59677329629497,107.16804444913775,110.6202624789906,3949908,0.23980542894407136,9.700030236649956,0.3046802741844017
2023-10-03,108.93824354794386,113.08802098360259,105.41208462379282,108.87219284236984,7476625,0.1705139640482007,10.35132859227426,0.24535452506392916
2023-10-04,111.87540557086507,112.7637650532278,106.79239365141432,109.72357196298266,2931441,0.16906877206636667,14.578763660939405,0.333304395338607
2023-10-05,109.82452868722815,113.63331428655614,105.43103365467063,109.33757561685648,1265033,0.15365496678480947,10.838608050631457,0.21602114532192046
2023-10-06,105.64535755104656,108.24516486906833,101.58153361426564,106.19342729790102,7499998,0.19720669451099992,11.863766346203285,0.28836674096039094
2023-10-09,107.56525462446292,110.93192629429159,103.23052440176664,106.40690047579079,6462774,0.20648411332626165,12.07616526162723,0.23267335167968406
2023-10-10,106.82413301605428,111.88148639129082,106.43330506050627,108.25104410375899,6818812,0.15657086394283523,6.240980531407031,0.2368918102119767
2023-10-11,109.9508104963655,112.49692618477071,107.87191730150883,110.46107077137216,7111053,0.22755276166950106,11.958486761717289,0.24045878983164073
2023-10-12,113.35731218790282,116.27604550710116,109.89645218668645,114.05551924311064,1842329,0.19532888347480276,9.930816677807478,0.2773414114087956
2023-10-13,110.47279535053563,114.66550951087243,109.38151103973902,110.77495799754229,8743343,0.202439026932758,10.520631532800683,0.21023004112407953
2023-10-16,110.11454216525063,113.59091914322872,107.41600133339193,108.88725291832334,1174588,0.19407627469382283,16.33089601040644,0.27955868818581964
2023-10-17,110.72711923609637,113.74725207160192,106.18520867680911,110.79726262457405,4773618,0.1900763060875326,8.230479317162231,0.3023414894229402
2023-10-18,114.27414557729207,115.24225394900803,107.4766274711467,112.94583724736754,8636805,0.2059640331308218,14.439615560243933,0.29665885699326505
2023-10-19,115.51660688238655,120.30984777779085,112.82093322656038,115.164255379391,2530332,0.16552402459307125,11.163111209004574,0.2765568200806081
2023-10-20,123.9695152784388,129.34506663995455,122.64978321617187,124.75763704440725,5739023,0.1681928130495271,11.160719494512497,0.3678293216141505
2023-10-23,128.39724483631846,130.36610609397644,125.3934561006879,126.82472606615895,8527837,0.23617856210135174,14.371115688155134,0.22906533848410082
2023-10-24,128.7785748484459,133.98218514212678,128.2660627547992,130.14094402182528,2033290,0.24461154621336328,13.020153883706671,0.3011393487562748
2023-10-25,131.70043198752256,135.58828042290583,129.70903867328548,133.16857299848886,5625535,0.1873309316279753,13.711838991658592,0.21240828339131088
2023-10-26,134.76423386930836,139.46557914067432,130.85973601390234,134.73996491614162,7847129,0.1770744673143554,14.904553981598584,0.21423113577558195
2023-10-27,132.30841944349655,136.8390967469726,127.05576194177915,133.58631011522448,8458136,0.21439995432390158,11.006074850450032,0.31477316993541926
2023-10-30,133.08127431392165,142.51056762424224,130.29884037154807,135.74687025687751,4158546,0.19087341710980965,10.16328979647675,0.31320368497756423
2023-10-31,134.48545399472107,137.59720345527347,129.46566372494368,133.69240387817047,9870046,0.15253863556603448,8.744548420326606,0.3756067025688914
2023-11-01,133.01024780852458,136.86472676825943,129.64610296921063,132.95125031110524,5768424,0.16561525973661903,9.523768410063134,0.31157473513201467
2023-11-02,131.87191370780403,136.47284472182633,128.49778625861546,132.15992817674385,7070243,0.22159722288473976,20.847283275926173,0.39195820408097004
2023-11-03,135.49927833174874,139.2225601044877,130.31525519572918,133.01473068336608,2258542,0.21589239419101514,15.73403874221036,0.20973896967998595
2023-11-06,139.75465631648586,145.21535661676765,133.9493892633398,139.3577699365509,8349953,0.15270959925034835,7.9467769013759355,0.21960153695614823
2023-11-07,137.04722076300095,138.8719202183437,131.3819333808493,135.08347671989742,5072091,0.17219721619329495,8.03262612976929,0.20881317231407628
2023-11-08,134.48005013629611,141.73497970871446,130.10657840639735,136.4479004676527,8414440,0.17310747965880713,13.445598185155475,0.23705537006670802
2023-11-09,132.44443500438288,136.49676619437125,127.6603243350671,132.07880672168037,4793868,0.21718927435987284,13.641794392133901,0.30825402218833564
2023-11-10,132.5104820317502,134.46610713402043,127.97740181126878,130.58832826020608,2591711,0.1519710537754364,13.646651505952093,0.32911443628548565
2023-11-13,133.00842830882223,134.91321474385802,129.6162589073934,132.56774260322513,2628853,0.16041085819845738,11.235132619338906,0.20911703158973377
2023-11-14,133.98526260375962,136.62013505502875,131.4489511628951,132.82693638896095,3058721,0.22999160853731893,11.623637219991299,0.38919417796911987
2023-11-15,129.36643372331068,132.61086152679704,124.97576149648248,130.0319708054954,2960391,0.16785446620543334,12.983638572478073,0.36843307533007624
2023-11-16,126.97295894096314,135.0913590648356,125.1955134499211,129.0771775835092,5657448,0.21527461078518745,12.25767901887999,0.25932249643141864
2023-11-17,131.07076470882242,134.3662245932619,126.4578521366609,131.29185864887586,8392367,0.17381827810467265,5.342098881757394,0.2154375060452936
2023-11-20,128.4297418012009,135.17655658353675,124.7984688965716,128.97411890491563,7156225,0.1599441392759345,11.310601108274419,0.23397741464381147
2023-11-21,132.54075311958894,134.71429252361543,128.56924210928395,130.62289457930314,5076773,0.1743172190999454,9.44578069721906,0.22538888275099456
2023-11-22,130.16484153353318,136.1488749706157,128.53522292605481,131.51154446060505,6393333,0.22222669318556593,12.525634256725535,0.2246567558597894
2023-11-23,132.66207128922437,134.36135444119518,128.3160471286885,130.23074543435928,5512121,0.23556964681062859,20.95577700781023,0.3037123377331468
2023-11-24,138.3139125768831,138.3139125768831,130.13928299689252,135.82485090424325,7908008,0.23302198645669916,13.102444996422914,0.24916948849868006
2023-11-27,135.77092959856924,140.58887003054,135.08915426848816,137.15547770061144,9447680,0.18971835296184547,11.059410941482806,0.2716279433058289
2023-11-28,130.7391879711242,133.3757183226597,125.27617823277335,131.53866971682766,4883337,0.2168085136570646,14.765404505931757,0.39790106667686453
2023-11-29,134.83646227215388,137.37118523588006,130.81743893355184,132.73627839450663,6900726,0.1704984295415821,13.448063661627637,0.336862849785069
2023-11-30,134.56479278763177,135.78143663393595,127.23303253748962,132.09917634583027,3163843,0.17931477302610133,13.260283471355525,0.3897961334094003
2023-12-01,135.00816425980534,140.87834704373452,130.2513172566909,135.31430419758664,3762594,0.23963358185211198,13.820551779647014,0.22851131100662314
2023-12-04,132.09065496288184,135.5469774989888,129.11629476328434,133.04326042986236,8686281,0.1513001923510736,18.169630694488625,0.2764278949665139
2023-12-05,132.41418983396613,134.46961290990134,130.63955309676587,132.27612523537596,5201390,0.1585508530854468,8.607334694022253,0.31094636065647085
2023-12-06,134.82548525524115,137.33361674741505,127.38513657971764,133.8203913083801,9778570,0.17078862551460272,13.420896230434364,0.2153516123777476
2023-12-07,134.08300284794973,141.67714626825506,130.44999006767046,135.30904068859496,4477899,0.15265322038738197,9.220856610055385,0.2008374887255916
2023-12-08,133.6173730464063,137.45040133370128,130.28228968665235,132.36533896977778,5131279,0.16814354350897973,13.666537939026744,0.3340868667593835
2023-12-11,129.17520726992794,135.05355183965688,127.0411828621356,131.53410113115564,3086172,0.20830415609696923,9.243940465541717,0.3283639033602871
2023-12-12,127.8258403721028,134.16773423636772,124.70098102171417,130.17262106022824,2365265,0.1921424550592498,10.747899559184747,0.2821577619999224
2023-12-13,127.19994058439887,129.4893970508883,123.56332209683593,127.78115210620457,4242222,0.2392671711076975,11.114730257286281,0.29792881520640657
2023-12-14,131.9172358653172,139.24785117978365,128.10665726575783,132.69497068467808,9504589,0.2317443561738441,14.927450158034127,0.28308860011841797
2023-12-15,132.6324508852928,138.51577306657643,131.8295839769461,133.61783853570958,8322933,0.18418173516978759,14.75536333182724,0.2048010089689778
2023-12-18,129.72382707457385,132.54962675052346,127.23698218077901,129.77044184922852,9677177,0.17594234334312925,8.262847870660845,0.2670743212434925
2023-12-19,129.82694079761563,135.13637522964567,126.8684279959802,130.76460891765953,4256505,0.1879692408167267,12.164802332999546,0.23541645107945797
2023-12-20,134.75377996847521,138.39504342435188,134.75377996847521,136.43322981379598,9791249,0.20902949425148076,9.871260435752482,0.21968483782027376
2023-12-21,139.30615230561756,147.20295928045198,135.96974063553265,140.37598831968486,5812056,0.17680636408228761,8.224485267973996,0.39134408677786997
2023-12-22,139.75892179698852,139.75892179698852,130.615354369481,137.1535299017349,4776764,0.2124148907849134,11.348948848726888,0.31987194500843313
2023-12-25,135.2307754482464,140.58828539167283,130.35139868937983,135.71329910527936,2515538,0.19094116521912405,11.074551634632542,0.34573125684732053
2023-12-26,138.64684440633178,141.70795789702217,134.43018489202566,138.9541399480023,5849666,0.20520471808519802,19.280149459036565,0.2630727486532235
2023-12-27,137.80310610780035,142.69950736865474,131.37557188776336,137.38246852090452,4399618,0.19361265291353166,13.298879476082089,0.2786294258988031
2023-12-28,140.85780867766152,143.86186873812062,136.5144756718771,138.18616832633873,7725630,0.17944657595419178,7.867147497737288,0.24738479877934472
2023-12-29,139.1822107710611,145.83045083878295,137.91788141005492,140.63581537830794,4404629,0.24484533069621567,10.305677987487172,0.21939313419308495
2024-01-01,139.5961337936996,143.38364946281573,133.1489007910378,138.59116980317646,3192848,0.2263605794159761,15.064149886288195,0.23580632748831676
2024-01-02,140.44740465031282,145.60771590002392,135.57284656461286,139.24441813121416,3773219,0.16401131757664525,18.265328318609775,0.3595028090592972
2024-01-03,130.85979776316788,132.01322904809345,127.54560519913949,130.30042109509102,5864912,0.23684679758979127,7.2420500632861255,0.3355091610367552
2024-01-04,125.5550083602809,130.62210929469407,125.5550083602809,127.6558231895487,2644173,0.19874311982495135,6.360226844582865,0.3093857751970954
2024-01-05,127.58840732664602,129.21723768708765,124.8253194289481,126.69207470336198,5261725,0.23945522268940914,17.612895526115345,0.29501797457335366
2024-01-08,121.09778757793957,129.34999146610855,119.6242372579097,123.24674387810094,9625044,0.2299855255947315,13.168842532112711,0.3844868567312249
2024-01-09,127.76995196361952,130.53574193734943,124.86037120974085,127.28046870373433,6545636,0.19252135044692334,9.3951218043709,0.2145469895557337
2024-01-10,125.13497327230472,128.81883906212997,120.53684895168693,123.9471570404234,6780618,0.15224693083201174,13.603887258367307,0.2561201626475832
2024-01-11,122.00194244278877,128.04381457784925,119.98626902633038,123.42892952281444,6252371,0.1768677359384946,5.0,0.2699875707141428
2024-01-12,125.16482233268056,125.7597825964162,117.87036308653002,123.47751684504058,3214178,0.20416342146608668,12.010126519791482,0.35648516244255757
2024-01-15,125.51787205871213,130.4230984637479,122.17035333339142,127.92097604234375,1074804,0.2133478219826147,12.983463518529256,0.3985029240323943
2024-01-16,125.94733452817921,126.8789844353274,120.65834603696645,124.23873945658455,3976877,0.17578876854332023,14.772810418613489,0.24813410295143062
2024-01-17,127.04186814002573,130.60875685551488,122.25003264498949,127.24378340752905,4789514,0.1639356074072824,8.958312143122388,0.37486146682741617
2024-01-18,125.58169369714031,129.47722537694062,120.77258842581324,127.01653373533784,5957107,0.2334930236799299,12.257061484210077,0.3661245520863583
2024-01-19,121.6325968503261,124.77230708411679,120.83793915614883,123.4408665759662,2972871,0.2484402180703552,9.223726121821239,0.24493147952835334
2024-01-22,127.41571219051819,130.80010403046168,119.05181701645859,125.14651961690495,2940483,0.20256901823026857,12.766151267022952,0.2798665160398445
2024-01-23,123.98451556964977,132.2742001156521,122.83719667266362,126.1406858036503,3911898,0.16716792858483034,9.313961032910928,0.28193457385850385
2024-01-24,123.11169371586965,127.5602112850555,121.0685645884634,124.61155114351261,9875943,0.1772307326519369,10.775697482519337,0.3956441337053117
2024-01-25,124.18315278205854,127.88490737099639,123.53840503163987,124.94369833065826,6227365,0.15183906765474667,9.012553815629314,0.23617838027577967
2024-01-26,124.95943964046056,125.64022824024175,120.5519658645073,124.36133697773572,8689262,0.2414298806560499,13.953408725470972,0.35983159422095645
2024-01-29,124.21097272261795,128.60240534441215,118.10477505370092,123.98877944736593,4509163,0.16177510828901412,14.575353349969996,0.266838542834622
2024-01-30,123.61045002957658,130.8878227375378,121.98432853559673,125.48956341756471,7825711,0.20765164755142534,11.29613829012776,0.3461740691552321
2024-01-31,128.9156876682033,132.07168814553475,127.8827293074574,130.00917935925978,2261402,0.1774055220687206,12.114713984880085,0.2840022008591326
2024-02-01,124.96296516819322,128.35195891583115,124.96296516819322,126.28260949108042,3126028,0.20541780025157935,7.654225756099367,0.31567195262330805
2024-02-02,130.44164076689793,137.44331214800806,127.6273360098013,131.9536028635381,3985032,0.2151420388351864,11.100970055979639,0.36652235466522626
2024-02-05,125.79419079477606,130.6174084016964,121.5481597955666,126.24288661296312,4077195,0.23297418037072015,11.849386148874766,0.36083311299677684
2024-02-06,127.25078976574541,127.7093701865521,124.48717225730506,126.22067029743032,3326344,0.1706421271760603,19.862379273089925,0.37328463670794004
2024-02-07,126.37005976711582,132.275575419451,122.40161666523896,127.81460544666649,7103807,0.15109958286584804,8.664098922677509,0.2119234650689318
2024-02-08,127.14860607111548,130.68817017613455,124.58560863147692,127.83030525127589,2076837,0.16368856300688073,16.392531716257313,0.338410110607949
2024-02-09,126.3998728660408,130.09579145321635,122.66639995006173,126.95381080021711,8446633,0.2400018641848105,14.990576320397423,0.22799747534435258
2024-02-12,128.58520276372712,131.32722898154046,120.07875374394297,126.18042330098008,6717467,0.23738900775625152,12.841909213470409,0.2831637136036822
2024-02-13,126.92383685569126,129.94685690734298,120.15558436697981,124.65674768252302,2629040,0.20974131021703082,17.2758614525854,0.3097176830109377
2024-02-14,124.89181716687553,126.62064147383838,118.54898101020059,123.41021541718644,4663289,0.21005168604336533,13.116316417820588,0.28054789694936616
2024-02-15,124.90443416874211,132.25227034192486,123.3618226104808,126.20862910655487,3916596,0.21650366745462554,13.167477587003786,0.3039223351606015
2024-02-16,124.53022042075675,130.0472201599481,124.53022042075675,126.71974853820439,8966473,0.16753712786234495,11.840638040947365,0.39930526175972386
2024-02-19,124.2040010846758,130.2344616882511,120.20587025513508,125.1203619067568,7185941,0.24144119459249597,15.670706647255884,0.22704346274257095
2024-02-20,126.52502141868958,131.46551385913415,125.47606828258773,127.71638772848578,5127436,0.1918770524892073,15.289407701432651,0.3350912090672851
2024-02-21,129.01648301638215,134.90652924777095,122.82223921911022,128.9859092275908,5866940,0.18831385282494975,10.122968137511362,0.2792001932771231
2024-02-22,132.76417840266214,137.38630674092497,127.56654562920818,131.3054904252133,4462511,0.20189177052828375,8.042258416203698,0.22660195978146577
2024-02-23,134.8006200514505,134.8006200514505,126.62607563971177,132.89583500490184,1384083,0.1546965966775055,11.391058087813029,0.2317473526748619
2024-02-26,132.1900960738228,136.57974482076816,128.74342831711107,130.39140358807109,9920206,0.16662833687560794,9.599884306807061,0.3898546212491234
2024-02-27,128.38002836939194,134.65895379274858,126.6070373750721,129.10469009664317,6607968,0.22380336164263703,11.809426276153935,0.37592029934235244
2024-02-28,131.5802776905525,136.0420460813651,127.50922881722498,130.6021493827829,7769552,0.15827986679251263,15.712314404052417,0.38140839208300437
2024-02-29,129.8032434046201,133.14121285766842,128.55328931921085,130.78236284024706,4050798,0.21031521094663883,10.62809503473963,0.3983065551654773
2024-03-01,128.7844945633566,136.61936658567862,127.92778547765714,131.08687537665702,3536047,0.1745349109681321,11.871529856065276,0.2416630780017036
2024-03-04,133.06534887119054,137.8098237677918,130.51708992167093,132.0010755966897,7464143,0.18892956140419764,12.174068204425186,0.2710878674728124
2024-03-05,131.59592631303954,137.12247213090214,131.34964742316066,134.22771542434015,4254992,0.17886937367706998,14.545292646615854,0.3338438059849733
2024-03-06,131.75670771270632,138.5964196310202,130.51619702568686,132.237084908443,5797663,0.18556727164649492,5.259331998046184,0.2967605079721295
2024-03-07,133.232718688843,135.75728628543433,130.21573844782566,134.148257638448,7269191,0.22190459051842454,10.17989911570411,0.2836779066756667
2024-03-08,135.88281721695662,136.99676516613573,128.72922442320575,134.83981753657446,4535443,0.1797121715623175,12.633851076838418,0.27156224986711863
2024-03-11,135.82984771030002,138.63251754499257,130.51805366728306,134.3985277281686,2932303,0.20664046402968972,15.600236869280584,0.31875612638869044
2024-03-12,136.01350104936952,141.61599134836734,130.9290709907926,137.0877500726439,3751821,0.19760504021990996,10.524292657481384,0.31511868572801643
2024-03-13,141.12456718706156,144.37799062321528,135.7211788298779,139.38709580633093,8314895,0.2163671165362648,6.370341881874378,0.23229156681284802
2024-03-14,141.39963000100474,144.09744618579802,138.19783239002638,142.57492207347104,7525940,0.2436829739324758,13.859134337898409,0.29434796750368786
2024-03-15,145.75017778680623,153.13539805949338,142.39800867250344,146.0637687525274,1426941,0.22325720972102503,10.093912833523111,0.31069435524197
2024-03-18,147.12790355169835,147.5219797893496,138.57229687563142,145.80389612247254,5850224,0.1714940378590757,8.431000022728917,0.3140573877462781
2024-03-19,148.7932509447041,149.9753186612719,141.42190058510025,147.6538344809448,1386354,0.15311831350612845,10.126963830860328,0.24202143858247038
2024-03-20,149.17755489960825,149.17755489960825,141.88449487339525,146.32498747533012,6506336,0.1762264044299825,11.446423927032452,0.3484542784504574
2024-03-21,145.87132569046892,152.31202584037348,145.7258537658165,147.49279645499772,1935709,0.20950779307002548,10.18576600638536,0.20503981896421394
2024-03-22,149.1750320042398,155.22180880843337,143.07632203611885,148.21272876849142,3485178,0.15514258134842504,5.383301828702793,0.27096637110863253
2024-03-25,149.49365327646393,154.29385502093078,143.92516811007545,148.84064822341801,7379022,0.19963662472012364,14.691198590661397,0.35604252970712674
2024-03-26,153.11069652061622,157.07209445955246,147.3850933554513,150.6099777606473,6477630,0.20968428489168892,15.824625123836167,0.3127785842110805
2024-03-27,146.0857297896121,149.68164607113567,144.29304565104704,148.121739280094,7288893,0.1834243890816961,13.954565974018518,0.25223248650217206
2024-03-28,155.0522696325009,158.36933609710928,147.6663387550013,153.5061667965552,3085469,0.22709122037458218,8.58694298872555,0.33899062386860956
2024-03-29,151.51380037555313,155.3898138058279,146.02911626264768,151.10118163208918,2346365,0.16065982531337716,11.395525398157446,0.3134781888312147
2024-04-01,146.20546387880427,151.95522000061152,141.44322614147308,147.53525299517585,2136078,0.15751377817358087,11.980436054311626,0.35924872189127743
2024-04-02,150.83834283649762,152.9388227184599,149.27760052319175,150.99274853968046,9875206,0.22281887562036035,13.79638316868573,0.3470050372379647
2024-04-03,154.46184352813668,161.30775281294618,148.5334619476277,155.49572466795289,7062825,0.19954913162061985,14.005021466154243,0.32202158440724693
2024-04-04,158.28198784380984,162.5351880721897,152.23910700364686,157.7814205892606,1533037,0.2188402396427736,9.797478603664512,0.29763553506216284
2024-04-05,161.92331063114045,165.91669333124946,151.63505718200162,159.4423832521472,9973541,0.19348273386037462,12.245986669240681,0.22663642513350468
2024-04-08,159.73239150687482,163.97580713383067,152.739362710808,159.29080563481372,9602541,0.17464020332391067,13.371841213845723,0.25226660357707675
2024-04-09,158.13804749588937,159.82225781018494,154.35475314453214,157.30920155772108,1427709,0.23191023176741998,16.3674669664403,0.28381989458341705
2024-04-10,157.89490088020005,163.44553851065965,151.15738255072938,157.77658203067236,9644147,0.22994158789689792,14.11351961947417,0.31985985740127776
2024-04-11,152.11966721322852,157.51777454941112,147.65169961121222,154.90065754036422,8352245,0.21946964708544267,14.367170062126558,0.302741571043061
2024-04-12,156.96361464503707,165.78210983655603,153.73709129350712,158.65899031048204,2750866,0.17721451372299626,12.251479883788083,0.2576369051919059
2024-04-15,157.87729700572717,163.38022572880027,150.09440861639868,157.9278229840643,4777173,0.2090230666869087,16.23137743561051,0.20129287155794212
2024-04-16,155.45254302281182,159.19294636378226,149.34058337960195,156.64154455304782,7233107,0.1860973896940027,13.229288387878492,0.29924784438016283
2024-04-17,154.47188818771167,164.0510548411952,153.6949668306069,156.4635845164275,6275463,0.15915820733266342,9.416736269479289,0.2571251977124486
2024-04-18,157.6565560909851,162.47521082725257,154.61328182300758,157.6304976138586,5847384,0.24173135754622427,16.21010991037557,0.346921660142107
2024-04-19,155.69768027230305,158.83441800243816,154.70871065309643,156.8090816147257,7371400,0.16368186309189614,14.093709817617082,0.2047892530540967
2024-04-22,152.93369384463682,159.8441891484315,151.98493701956068,154.42789090426044,6234748,0.24502373538208025,10.670867936614552,0.3169655622611582
2024-04-23,155.64043816311482,159.0022180382899,152.33105158450556,155.86497464301218,9400728,0.19460057729579558,10.56152109780227,0.3882948475012131
2024-04-24,154.78446126097091,163.70967275645287,149.56313699269697,157.08873778187555,1624135,0.16851329288386196,12.889726635422285,0.23488185342229992
2024-04-25,157.7798557827289,161.75154693273154,152.22699477643766,155.12568184278237,5817167,0.2041900947378358,13.389554385802754,0.2943298981501191
2024-04-26,155.67950832518775,160.96489987485378,150.94063369470783,153.4229506916565,8731445,0.23729458358764083,12.591876796893619,0.21828439836342764
2024-04-29,156.21074932292885,159.5834411353848,152.12980948112414,154.92413176364437,7830707,0.22322248864095612,12.933926020328654,0.3251363824522705
2024-04-30,148.01959712450315,154.62912693923053,145.92778551056796,150.38843253339505,7106428,0.23065611478614498,17.099872123729142,0.31010633611924515
2024-05-01,147.6791799186286,151.93031338872,140.12472207960303,146.06731393715876,5745920,0.21587833667107173,15.214629456704657,0.2814731048425665
2024-05-02,145.33168876629773,145.75958374364774,141.23940525065947,143.56323475865915,8162517,0.21922765645178524,12.571906773795073,0.30427540429474825
2024-05-03,144.8712127571463,147.9050676788722,140.3383447151147,143.33600038325335,6788773,0.23491956515653192,14.823931742302449,0.37931493169380204
2024-05-06,143.31391407616653,150.19770600995795,143.31391407616653,145.56158354713196,8517475,0.1749668008859186,8.902428289417381,0.23925886046221342
2024-05-07,150.22400220693748,151.39241969956763,142.82619963831814,149.36421424966943,7923985,0.19894249636431405,13.193781149840426,0.20451290234106945
2024-05-08,154.12561648042464,156.1554887640912,145.85997906724452,152.09169547937182,7101570,0.17212094418196022,17.427919049199332,0.3723329769398202
2024-05-09,153.08611311654772,159.34896898619962,146.27614339359414,152.6139049317523,9032304,0.2487668007996647,11.34586231382288,0.3154234164775813
2024-05-10,153.5538830477974,159.41447222590537,149.8664292254217,152.65986186068915,3266598,0.24440593396866134,9.457098214142746,0.3781316910923685
2024-05-13,149.77109102109296,152.11666360887824,143.64149814611565,150.02094502765812,2776238,0.15394268113685058,10.043733334220818,0.3193890446826345
2024-05-14,149.64946501067251,151.5150293069773,142.4024963144099,149.4778207060893,9451392,0.22055751725156886,8.731100887972834,0.3620322179919405
2024-05-15,146.24322048911984,152.07473054873526,146.24322048911984,149.01868237111688,6127736,0.24252483174156658,9.64571427561689,0.2859346726710296
2024-05-16,150.85158996292716,156.7671066822089,142.66574855492775,150.01771337094522,6897162,0.16805753451273334,10.888475704229913,0.3499719862576538
2024-05-17,145.7842637655166,150.51370232593183,145.7842637655166,148.26655902613365,7508676,0.20679452305526294,7.783298942464074,0.3826082933779712
2024-05-20,150.27588459035445,156.51341319885762,145.3361124223082,150.66753221839323,5910662,0.24154882975880418,12.04685500184881,0.3144245927444413
2024-05-21,155.74597274579983,159.2545023561432,154.48305379487076,157.04850098976797,2995127,0.15339459785857987,14.706831521359941,0.2361570301124759
2024-05-22,157.51301827695258,162.71856259517597,152.8540114889183,157.22731768656112,8776604,0.219742026724684,9.276731459559239,0.25375952300603966
2024-05-23,156.52571516981524,162.70613633486153,156.52571516981524,158.85506199975762,2035108,0.17973490073725507,16.557851770925307,0.23972891537948116
2024-05-24,162.5697289311961,168.0374367434285,159.243362604167,161.33299278766154,1478365,0.24243961953765303,13.532376265582784,0.2493714055191466
2024-05-27,161.86067651316262,163.068017188964,152.03249460275717,159.97292220727041,6156371,0.2471058245165368,15.091741756872171,0.2612830898702073
2024-05-28,158.89902801054748,166.79681650935336,153.50040256812443,161.0679402251812,3074242,0.24442664891134339,10.02649633844359,0.31102675735063773
2024-05-29,158.52969467618783,164.208505089195,154.63831597370344,161.07917147835533,6232761,0.1974214216657464,14.563575681199847,0.3175983258927666
2024-05-30,159.3716340990952,167.89549276838156,157.90889844463214,161.6639284846788,6122969,0.23620426509893133,8.724198298814061,0.2852999494483722
2024-05-31,162.5804076613121,167.36323739210502,157.8468771932019,160.16431259286028,1494209,0.23445493985350704,14.670742502509526,0.3230841559641671
2024-06-03,159.9377199153862,162.1654597561639,154.70887144402585,159.75758198354234,2534230,0.18191004732432556,12.515518019380593,0.2163149851222732
2024-06-04,162.03292123852682,169.4918915176695,158.07226540345317,162.24539133911944,7556410,0.23289154741506773,13.659753659954351,0.217557647411632
2024-06-05,165.35599909019354,173.66766586581542,160.8656446655562,167.99887801529275,6451151,0.15370076347154926,8.473216183125444,0.2343658920715317
2024-06-06,172.33557761640733,173.8948788401655,168.26119679933078,171.3107555160275,1851980,0.2096269878482053,9.314790473170186,0.303615499608069
2024-06-07,179.95626314330858,182.1521031746137,175.34051061824135,177.34573679274598,2766299,0.17300088372877032,13.791684654760154,0.2427989357396627
2024-06-10,176.66437278306745,177.24102779361866,167.52998961329683,174.37527276384674,5020018,0.16205668857772787,9.154955987327398,0.2566568806985155
2024-06-11,179.41442900381406,185.30035466599466,173.12195069162576,178.51432614656173,7691891,0.1576953201629209,13.38961887629737,0.2800625672345988
2024-06-12,176.2847642648489,186.56826808498144,170.98256170266896,179.33139873750665,7886608,0.21962887758781396,7.898586580619263,0.362373224802076
2024-06-13,183.72675210810675,189.27608459427933,181.46297248141343,186.62013283919796,8458403,0.18398749637680661,14.544522638000004,0.20277242718257205
2024-06-14,180.1109102075588,188.96506597142118,177.93539130048157,183.41749486933637,2662656,0.22247667715287614,8.302430055694472,0.3298757640473245
2024-06-17,179.36864278167306,188.83895165700622,173.11587357975765,181.12571277267259,5894097,0.15653563407989424,13.656899813038569,0.3337753062081371
2024-06-18,176.90971898901608,188.04393587144546,173.72424285142202,179.52604928513773,6309068,0.18152903378306104,13.876892800938002,0.35973115607132733
2024-06-19,170.2615190178846,177.16184072440686,165.6134202802683,171.9115394496512,5956780,0.20394912923753372,9.909684544711276,0.38655058781206264
2024-06-20,169.24348279553757,178.18831268510965,165.07291974015973,170.0252038960412,9949454,0.22907231648389637,13.74607970125418,0.20402756978985798
2024-06-21,170.3153512985294,172.60942684075965,162.90289359520355,167.350024114662,5323242,0.181875250293207,12.781326790000668,0.23075674110264324
2024-06-24,168.14049260558593,171.71494413178456,159.08822474996344,167.40140829162053,3871712,0.2125891376437009,10.383474431421785,0.37723425881119865
2024-06-25,172.07841633379275,177.2623686730195,166.48192052512033,169.80323108823967,7903538,0.2385977748236187,8.974335947771376,0.2917037124374031
2024-06-26,177.60250090208896,181.354794276764,172.33764145317167,176.12061150463404,1855656,0.21158631881823045,6.112122924982263,0.3129181277866927
2024-06-27,177.72238522450985,185.73315531730813,174.1392948366195,180.52042927328532,7817123,0.17329594747536337,13.04895014189908,0.3326054407446295
2024-06-28,181.3993132796414,185.02495387499238,171.0988211732078,179.70348451588924,4566568,0.1524400781556538,7.305591685913835,0.3358133208991275
2024-07-01,175.76220008249388,185.13864945348715,173.84555664767007,177.35771804862415,5679020,0.237009887390093,12.286032598323924,0.3863480806633017
2024-07-02,179.96738915818528,186.71700491531772,176.86092519223666,178.9715353598952,2792363,0.1521269410850387,11.209655351753252,0.39938988348233395
2024-07-03,173.59265975232148,179.27094660110572,167.6470592335972,174.7040432014152,1638922,0.23747016726841993,14.037428326314586,0.34403149218618806
2024-07-04,184.87211653000526,185.49296359613965,174.54626452669407,181.26371950858103,1777867,0.2028937134027212,11.093863501530407,0.2574442418410302
2024-07-05,183.3017329459665,190.54375217882108,177.15994340629518,185.05194327410283,4066461,0.24390676985128962,11.011656640958726,0.37595048045886875
2024-07-08,182.11441398894533,189.78466935017013,178.79100808136704,183.73769632850926,6756911,0.22987832357736654,14.195612112864886,0.20984418290815232
2024-07-09,179.83117275155203,180.23894634054335,169.04136938413114,176.78570482168234,2702424,0.24979341105333375,13.005174087252353,0.24621617057489925
2024-07-10,179.14257422663505,190.2405221433831,176.08596343283978,182.61485393114262,5175252,0.18507118154517102,12.948467871548335,0.379477143492743
2024-07-11,183.47240748981542,187.40297408209744,178.01356105796694,182.04019541825323,2185560,0.22671882889311268,13.40780276942558,0.251238302887871
2024-07-12,188.56572901203813,191.24724593005607,181.7242984965647,186.88135694578148,9016906,0.19019309136092422,7.393283630378683,0.2441302119243497
2024-07-15,183.75061322464543,183.89887065544946,175.0482920721443,181.31104714041018,7509887,0.1979875620303909,14.270366039960946,0.22762505862804946
2024-07-16,182.53173321809481,182.6349553025554,173.1868363551952,179.13223819401892,1867838,0.212750546321837,13.837406382040808,0.3718223515293833
2024-07-17,183.17044223252077,188.37372061447107,174.8049022004658,179.75084829574112,2057880,0.2373677114186339,8.94995061427051,0.3000116518382174
2024-07-18,176.6318820703095,183.7490128332049,170.81196106622116,179.75767565482883,4087714,0.24840834691992952,11.267758578977396,0.33497864061083094
2024-07-19,181.24337259115487,181.9378018438524,170.55473093139537,178.93977830857935,4478192,0.22682734138645183,11.882078137117107,0.24781327681500595
2024-07-22,181.42866472448608,185.50049872385767,177.71260568681402,180.37304996552467,9856832,0.1917766782167334,11.596509646794802,0.3516080842022433
2024-07-23,177.8313651090735,180.72891271487148,168.5006799383393,176.7894238671863,6600068,0.192135700227707,13.001579899705604,0.3520011089924197
2024-07-24,175.18686313699806,179.85889213745378,173.9666164052551,177.83049174934968,9151656,0.22375823015888913,16.29410034549355,0.26251960498166005
2024-07-25,178.79046722712738,181.79723878813326,175.37713022497047,177.72279987806837,1785890,0.17387771457683024,15.245300183018486,0.28213652660205657
2024-07-26,182.70229618154292,184.93656803821062,172.22160503691077,179.24303058351404,5806799,0.16104741131313946,8.063342419705782,0.2419380554860402
2024-07-29,185.35230018600467,188.1961624983485,175.93343653235584,182.34851992074874,9053024,0.18546221576407765,13.866209970918145,0.3953122046645809
2024-07-30,178.12068993231262,182.88760758612767,173.69102067485423,178.555431978482,9586625,0.17872389916540818,15.986799958606229,0.3291205154116823
2024-07-31,170.30299214292003,178.3348340492141,170.30299214292003,173.4956735934301,4743757,0.179630812045599,13.160425562067608,0.38690877614310315
2024-08-01,177.47022298435078,187.12971160406525,176.2539723956741,178.45318962199786,6259245,0.17336077510499098,15.272941275557901,0.26067710872582667
2024-08-02,182.62823626402732,184.79844126766116,176.5938883454038,180.27464042159207,6046528,0.15420931896363618,18.036811337102296,0.356378182599378
2024-08-05,179.98262698800897,182.17319744243255,170.2350096635121,178.54357221307635,8011673,0.1517873934733414,15.071128638320944,0.3531717287769484
2024-08-06,184.26565153783952,188.2088880081816,180.2776311974095,184.5658023709103,3868921,0.24877223897360315,12.747925786925187,0.3383311303733083
2024-08-07,181.70677571542623,190.23643669064495,178.78528758356023,184.99900667815635,9177039,0.19277731337358622,15.13526542225426,0.3931277950533601
2024-08-08,189.5035257888677,197.7340469431534,184.1347783828954,190.05929926095507,4003225,0.18843266471596817,12.434663499290673,0.27871106722126315
2024-08-09,191.71538772371127,195.4543542010274,182.7329249806387,191.9532182239446,6637291,0.21796472826930696,12.071709129854867,0.22614346471795146
2024-08-12,203.38209610641576,207.62705348934736,191.4848601846646,199.95443296348728,6034253,0.1718253887865064,10.945757292858803,0.3343417718488122
2024-08-13,207.53515197506687,208.60880463021186,202.57753384648035,206.3705115204796,5228316,0.24499611839502253,16.690240076496323,0.34586196009544123
2024-08-14,204.90318918368686,211.98290367026388,199.8846418020448,206.4586243729726,4578478,0.2286345014415552,9.544714002173997,0.31501211469176293
2024-08-15,210.79078644768708,219.21849333155296,202.58958330569902,210.57752814588804,9072590,0.15894110023122596,16.59710317403435,0.24136357862667926
2024-08-16,207.97912564858134,216.63723540109564,204.32145586642807,211.6529526642786,6926983,0.19175807757849284,13.499592371221114,0.3008911883338711
2024-08-19,222.52681506460837,225.50724563613045,214.9425456289452,218.3984875474535,7323617,0.23791183075621647,7.802081475594175,0.2624379473138259
2024-08-20,212.74365043759212,217.83476086410812,209.65381835724898,213.94120858601556,1454529,0.24447320222914104,13.102947878974264,0.28549330563333786
2024-08-21,216.82146423181533,225.6246467696149,208.52675389161132,217.01358762036847,8586288,0.19674015112498697,5.6999204770451275,0.3290437151689328
2024-08-22,220.83544358982414,224.8069277903086,212.05914853869862,222.12122361861285,8261511,0.21134113892107076,13.876524050493106,0.3490429485381669
2024-08-23,216.25715004575227,224.15800067225626,206.11938103888295,214.68981367248466,9927811,0.16670339460920752,14.655694448966972,0.24644493818026864
2024-08-26,211.78193359686944,214.18879705730478,207.64535004785773,210.41648080371326,2311629,0.24911686261369764,10.22293213304384,0.2810650721293907
2024-08-27,203.4262562701391,210.76028390413603,196.29667887771737,201.68912949527777,1900542,0.17316717013834435,12.370643087866746,0.25383231419832586
2024-08-28,199.34939780832713,206.06505458678723,195.44852883909746,201.21552508020866,4954780,0.24427317741351257,17.86247230125086,0.23972632277237382
2024-08-29,202.5890087917107,212.0345951996982,198.7579641772833,204.0938459359685,3945759,0.21496466489923682,10.48275988721419,0.3566774439991677
2024-08-30,207.89135966851515,215.8605799771464,203.5923962326701,211.0550646951316,9683376,0.21077367948788592,8.823277238830197,0.3818505388873985
2024-09-02,213.41897005388637,221.9063630967073,208.3421283704959,212.09962578053828,4352921,0.20126885110165085,16.444990207387796,0.27404643713691534
2024-09-03,214.3835311256896,221.69429709766183,212.05525013705042,218.40393587329316,1061264,0.17306698117177588,17.887761571592385,0.3502557848747534
2024-09-04,214.3482688178924,217.1738060337681,203.8353990970161,213.51400694328473,6094502,0.16765280320055082,12.011087015543541,0.37939905787288225
2024-09-05,209.05404677382708,212.13043500054007,196.77079379189698,206.00763970790663,3459507,0.17204862090701753,15.034389106225069,0.36922484210604634
2024-09-06,209.88079822038796,209.88079822038796,200.75534957516015,206.6501769168344,4452097,0.16864382621442545,16.024427746592643,0.2365626777078452
2024-09-09,208.32556314241748,212.47505425276103,206.13394761474672,208.75110008584184,8292306,0.22795844735667534,9.772547302384847,0.3912583763026723
2024-09-10,210.01555730470957,220.4027209007234,202.43466291300632,210.3579890771237,2218284,0.185012525916673,10.544082493896395,0.2753352880858925
2024-09-11,198.27287116266393,211.5802549497796,198.27287116266393,201.68564081911438,8088727,0.15578426765633963,15.692623539464204,0.2678481322347673
2024-09-12,202.62089810127927,206.28755919959664,197.3348072206952,201.24626515768057,4080202,0.24691026301408114,17.05504283612553,0.21248626545555607
2024-09-13,198.70028985136634,205.38628953636805,188.31497316313644,196.17931177180816,7002874,0.23837858849634258,13.688642580523064,0.2972347308209766
2024-09-16,196.73302939169818,205.08243052386447,189.11392635027386,198.76315608114356,8518933,0.2427752283195213,9.360556939493836,0.22180272312818575
2024-09-17,200.42806614987526,205.24099666271894,191.8270496456265,201.0609990845099,6383182,0.24949078226464352,17.961183335098323,0.24970796418548522
2024-09-18,198.86390825655258,203.67923604212297,192.1117580494768,196.20463432988808,5688827,0.16738952492194872,10.407087306564106,0.2633885243534563
2024-09-19,196.48444045123006,200.60180116407327,185.43228588393745,193.5645542424794,7517320,0.18962420189026588,10.994586656485644,0.3617652646983368
2024-09-20,186.90596199521303,198.20609006573608,182.20816198808066,188.8459387034062,6792819,0.22582384757040913,13.027013503468865,0.37509773007917935
2024-09-23,189.8986419179075,193.41965893859654,183.84270773760707,189.51528558800857,8642139,0.21960206180537922,16.662481262144322,0.26049326349229396
2024-09-24,192.25487192197653,201.82823173162484,190.56512314288656,194.64910929521307,1865630,0.1653895906339855,14.56192792965667,0.3717396242489148
2024-09-25,187.88426591799535,193.23126518218382,182.24322312118494,190.92471322948427,6387691,0.23158331249906178,13.24459650108573,0.37144618747395824
2024-09-26,196.08344117051936,196.08344117051936,186.40120378254358,192.9110536071977,5325001,0.17244405718366607,13.389865590354319,0.35293019007697474
2024-09-27,193.5607438273331,193.5607438273331,185.26321947612053,191.11064795500354,3972881,0.1723817614822623,12.130544005930398,0.2293390228030363
2024-09-30,191.1116761307207,198.59744643213685,183.77887017352018,189.14431123477812,9101294,0.20369744228934136,13.674418543555518,0.33806456938014584
2024-10-01,184.83056181545908,196.150646491904,184.83056181545908,188.22795351004333,9557286,0.20929399348417033,5.0,0.3890048129161138
2024-10-02,187.23226428773933,192.35190861430982,176.72655869442832,184.69289367316173,6811303,0.20800862078378113,11.110177622790605,0.33650809575343144
2024-10-03,183.08947297603473,189.1220761650813,180.2980379801894,183.5443393422862,6279947,0.15914868373977548,12.723965804750343,0.2663233698215668
2024-10-04,178.55493251664606,183.64133092408142,175.6834027680875,179.68771894824954,9559531,0.23774608626303803,8.546957749141479,0.30011586348616626
2024-10-07,187.421185584503,190.0760409934321,181.8792815004355,187.0734059383974,1300406,0.1765600042588706,13.15896995343468,0.32914500867021074
2024-10-08,185.0671557402884,192.16631065514844,183.99982048597423,188.14250878512425,1517961,0.16295149212828042,11.386586337041635,0.30211408174570076
2024-10-09,185.57523188605583,188.28887447596756,177.53235909523062,183.6895008245009,2035598,0.23887480798689772,17.266427094946472,0.22399058834619398
2024-10-10,185.77074929530963,192.61334468971984,176.9272203996913,185.16020147749163,3511902,0.24556514982297534,16.719059175644567,0.26241280893040414
2024-10-11,182.1333536782614,190.2716241250341,180.1352551478507,184.44563725037364,8169158,0.23621276172654507,10.602583292645512,0.36047920611072654
2024-10-14,180.1937467224623,184.85949632973492,177.17526787691983,182.46926841945773,4640377,0.2309516074724878,11.547486865299915,0.37228360921910353
2024-10-15,182.93212278713,187.25845175608126,180.7468466507272,185.27211965136632,1163944,0.21552419806390216,11.778157303174822,0.22746000654311405
2024-10-16,185.94530493889152,191.96753185255048,182.39401568720953,189.29967713928727,4022345,0.20508573706091393,10.645021571521132,0.39047735047974497
2024-10-17,188.0345770808939,192.3270004361722,184.8047164587389,187.37652235643176,3969852,0.158698675991141,12.58507495208438,0.2657645235697219
2024-10-18,188.64499344304986,194.9195102426911,181.1783700485614,186.11128793594392,8950630,0.19084532130706988,9.72515379333723,0.33246274774614404
2024-10-21,182.86854581816507,193.08624417672095,177.78100168500308,186.4673795650951,6724827,0.1872688517012314,8.608153995187422,0.3503650291913363
2024-10-22,175.77188435276577,186.53214643426801,173.2715932857601,179.00102966982377,7800541,0.1759753783760326,13.868133671700805,0.3623892469275767
2024-10-23,175.40125118373032,179.90370549439038,171.43879461747315,174.89217311062467,5756004,0.2223420113688585,13.888588752665433,0.389149940445186
2024-10-24,182.6895126754446,184.79763000357622,177.09499580244258,180.38423330533558,2358454,0.1995875735078771,9.587052721020022,0.26258390960576455
2024-10-25,185.2654680958262,189.23290472907996,180.92133008581732,186.55840071509172,8689969,0.1581046215907648,14.686066292287798,0.3717012909103109
2024-10-28,183.51466233091395,192.94028871838805,182.00171866283424,184.62526156916837,4871018,0.17201832019498114,10.105266812504006,0.2263373806872414
2024-10-29,187.475764974918,194.47398814179093,179.41777954118012,186.75603338678968,7412083,0.21832587636595957,12.759495714113944,0.3410081812707185
2024-10-30,185.7786637078692,190.60722676737504,181.17724911960644,187.47181246414678,8875639,0.15761308594903,14.461032037837368,0.3483955459027972
2024-10-31,197.13329439354996,207.06488317422972,197.13329439354996,200.9381927692472,6010281,0.23512069140487687,11.899162305888861,0.3355446482402641
2024-11-01,207.42967522234395,211.5572400564281,202.58841811069945,205.49613318693707,8698812,0.19951465270139743,13.364222736423404,0.2504629472270306
2024-11-04,206.30847064407257,212.46218842126544,200.64334844677742,205.27675041134893,7807643,0.1980586577326648,10.450711068337284,0.3746086294030407
2024-11-05,202.65402660730814,211.66677575527657,198.84205239917844,202.00151324678816,6210558,0.20924077846595177,11.410600249715708,0.23377169267407902
2024-11-06,197.63667724512385,202.24126788305637,186.6522025235918,195.7443451823054,6959996,0.2324680965925149,11.38242170735898,0.21072695830416618
2024-11-07,199.45864591316487,204.33106838340865,195.02000195320593,198.07032475703048,3389911,0.1847809207902193,9.760264960379283,0.34349299812238243
2024-11-08,192.49304920107713,197.12456772289593,187.54347746779806,194.784635995979,9140210,0.21780161525590636,11.469677510652653,0.29509514304654677
2024-11-11,188.4647386066408,191.95630737352735,181.4566012650668,189.58342453883532,2726681,0.2065731963995791,7.35414510340876,0.36981960399173525
2024-11-12,183.97102889235438,190.03142739834374,179.21421718169182,186.76419848073303,7554845,0.17670282701694212,10.526538758573686,0.2766794282116518
2024-11-13,179.24999767270066,183.99955893032526,175.88848755619415,181.94380663177282,1117408,0.2378629986355158,11.145373519890988,0.2336557177015426
2024-11-14,189.1313252989064,195.27006111766437,180.30433582251163,187.80768866388124,1636431,0.2297426021606928,11.23146074251386,0.36728843849397397
2024-11-15,194.0241734329298,198.7276080805928,184.16915603524828,191.28044589841653,4435504,0.21584518346584253,11.275507662387664,0.3097819263280144
2024-11-18,194.6500409025822,194.6500409025822,182.5888884454576,191.1126783638648,2236541,0.23505817290942418,11.814707400419612,0.237839158478071
2024-11-19,197.42652330099048,204.9511589380488,188.92420799893577,196.41813524128426,3036721,0.23672942009598025,13.438324554258191,0.34407679971728916
2024-11-20,193.337254083488,198.9819887794449,190.50333265697927,195.81151806052813,7087494,0.22083629767150348,14.623551222397568,0.30222272769790015
2024-11-21,189.53112526237118,196.81426797466264,186.3437540201098,192.5687012957035,7163185,0.2337013328363672,10.0507043194552,0.320862596448064
2024-11-22,199.90615123271158,201.37606538334956,190.3018474810424,197.4354365076238,9706406,0.21974714616692836,8.390397433832566,0.2921796676413164
2024-11-25,201.0002159990999,205.3566438217575,196.33318636644555,200.36900173715637,9879391,0.21801407717603005,8.87386676327069,0.3657417967636013
2024-11-26,197.4050428691574,200.44160020705752,193.67377742069567,196.47543881281126,6036117,0.21186113782151844,10.538391236415219,0.36591254313661
2024-11-27,196.9748968493089,200.53931951980582,190.93920526994052,194.78194749753425,2107177,0.22527166395576412,10.944236046550472,0.34187776436487727
2024-11-28,192.88286337146897,196.35836459394608,184.30163701199334,191.32716514266457,6408520,0.16586051052930736,9.690011801407628,0.22108027547929246
2024-11-29,188.14843312139706,194.84803625569046,181.9099847355828,185.664551461433,5659014,0.23808707591989284,8.111650007250317,0.3677707723808138
